"","slope.pseudo.index","p.pseudo.index","Transcripts","qvalue","feature","rank"
"INS",-23.4014934562518,1.95186288282135e-12,898243,5.90404645950571e-10,"DOWN",0.00180831826401447
"RBP4",-2.22443504967488,5.34858406093642e-07,74515,6.01992130078032e-06,"DOWN",0.00361663652802893
"TTR",-1.10779543035665,6.67972527586053e-13,41690,2.69400128547348e-10,"DOWN",0.0054249547920434
"RPL34",-0.657637831846214,1.23023764798768e-11,26017,2.29000330327533e-09,"DOWN",0.00723327305605787
"RPS29",-0.416876281908247,4.92184422778796e-11,10307,5.17833897899126e-09,"DOWN",0.00904159132007233
"RPL38",-0.405093928929295,5.85012406756743e-11,11502,5.89853665657517e-09,"DOWN",0.0108499095840868
"RPL37A",-0.350987811702366,1.00665874709517e-10,14005,8.11991465729299e-09,"DOWN",0.0126582278481013
"RPLP1",-0.344937172477744,1.26850396958606e-10,23745,9.59251087309727e-09,"DOWN",0.0144665461121157
"RPL31",-0.33493837540631,1.75657114557624e-10,17638,1.21447379399855e-08,"DOWN",0.0162748643761302
"RPL35A",-0.327255780786823,2.29314724229015e-10,15879,1.37622427928154e-08,"DOWN",0.0180831826401447
"CLU",-0.323671811414712,7.6677228130546e-11,8680,6.87215724929887e-09,"DOWN",0.0198915009041591
"RPL11",-0.298102442380609,9.77354952090789e-09,24929,2.41332987959087e-07,"DOWN",0.0216998191681736
"RPL23",-0.24391063676502,4.53570353437479e-09,15008,1.30663961759566e-07,"DOWN",0.0235081374321881
"RPS21",-0.238145145086295,6.04486497049421e-12,8049,1.32979399289282e-09,"DOWN",0.0253164556962025
"RPS6",-0.233678495135451,0.000555599224929865,38586,0.00170186453350216,"DOWN",0.027124773960217
"RPS24",-0.227582947414463,1.20641812431832e-10,13781,9.41730436848192e-09,"DOWN",0.0289330922242315
"RPS28",-0.214205001631891,6.29696064764849e-10,5170,2.82180934407358e-08,"DOWN",0.0307414104882459
"COX7C",-0.189540720943493,3.71075547454911e-11,7903,4.16034152700257e-09,"DOWN",0.0325497287522604
"RPL27A",-0.181449753585589,1.86073809095759e-09,12209,6.34187017412541e-08,"DOWN",0.0343580470162749
"RPL36",-0.17502046319664,2.22168836836501e-11,6121,3.2079673185001e-09,"DOWN",0.0361663652802893
"RPS12",-0.169927880997653,0.000117816000320544,18491,0.000507292459905712,"DOWN",0.0379746835443038
"UQCRB",-0.15979747011155,2.33175342985606e-10,8120,1.37622427928154e-08,"DOWN",0.0397830018083183
"RPLP2",-0.152641032659399,2.7219101821759e-07,12245,3.63903022865752e-06,"DOWN",0.0415913200723327
"RPL32",-0.151385943584548,2.22406596220695e-09,10036,7.08148792808357e-08,"DOWN",0.0433996383363472
"HIST1H4C",-0.140061090806761,3.09197422705314e-10,4067,1.74003449313295e-08,"DOWN",0.0452079566003617
"RPS8",-0.138569470720092,0.000114956160065666,24151,0.000498526785176116,"DOWN",0.0470162748643761
"RPL37",-0.132471354417174,1.03874140067031e-09,5660,3.98496485887644e-08,"DOWN",0.0488245931283906
"RPS25",-0.132243296799904,5.52837957413264e-08,9068,9.62439638466294e-07,"DOWN",0.0506329113924051
"BEX1",-0.129894952069437,1.49366478528624e-06,10515,1.38485110752982e-05,"DOWN",0.0524412296564195
"RPL27",-0.128544930952411,4.42226009904967e-08,9659,7.98601151157558e-07,"DOWN",0.054249547920434
"ATP5E",-0.12329810639746,6.99300329593299e-10,4104,2.91760293516223e-08,"DOWN",0.0560578661844485
"ATP5I",-0.120854023259913,3.78234567102564e-11,3462,4.16034152700257e-09,"DOWN",0.0578661844484629
"DBI",-0.118543812162362,4.27787633385218e-10,6211,2.25040581758181e-08,"DOWN",0.0596745027124774
"RPL26",-0.116958116872675,5.03049693482321e-07,11631,5.74203024371948e-06,"DOWN",0.0614828209764919
"RPS15A",-0.113564453717357,1.92978616927619e-06,10526,1.70431189273502e-05,"DOWN",0.0632911392405063
"RPS27A",-0.112422049070841,2.10264093691025e-05,11434,0.000124708311851318,"DOWN",0.0650994575045208
"RPL30",-0.111745408953338,0.000922721695620013,14893,0.00247545275716412,"DOWN",0.0669077757685353
"RPS13",-0.110613413739057,4.91584499317531e-05,13484,0.000249908872623707,"DOWN",0.0687160940325497
"RPS15",-0.109719477738011,3.54405735323312e-08,6979,6.97246074454051e-07,"DOWN",0.0705244122965642
"UQCRQ",-0.108434688667771,2.47563944859542e-10,5454,1.42635803151687e-08,"DOWN",0.0723327305605787
"RPL35",-0.105660524435567,9.95520212863051e-10,6185,3.88551724337058e-08,"DOWN",0.0741410488245931
"RPS14",-0.103901052573167,0.000882649950484965,20302,0.00242439310731712,"DOWN",0.0759493670886076
"ATP5L",-0.103521514938595,2.22494508364429e-10,5231,1.37622427928154e-08,"DOWN",0.0777576853526221
"ROMO1",-0.100797669044236,2.55555276293103e-11,3272,3.43560158744432e-09,"DOWN",0.0795660036166365
"COX8A",-0.097133954614039,7.93249938661218e-09,5434,2.02058390714574e-07,"DOWN",0.081374321880651
"DSP",-0.0955999040807988,4.90821318148585e-08,7713,8.70484733502054e-07,"DOWN",0.0831826401446655
"COX17",-0.0934524318692278,1.37600065058843e-11,3522,2.37837894421918e-09,"DOWN",0.0849909584086799
"SERF2",-0.0917393044082855,2.15746318064635e-09,6661,6.9610151220169e-08,"DOWN",0.0867992766726944
"ERO1B",-0.0891448369472428,2.39329986419054e-05,9658,0.000138551516044324,"DOWN",0.0886075949367089
"NDUFB1",-0.0883499771108191,8.50923387035194e-10,2829,3.49002787985084e-08,"DOWN",0.0904159132007233
"NDUFA1",-0.0871277071576531,8.97866292693999e-11,3240,7.49210952744943e-09,"DOWN",0.0922242314647378
"TOMM7",-0.0854086607064565,1.82573020492647e-09,4433,6.31144800021012e-08,"DOWN",0.0940325497287523
"DSTN",-0.0820730335070455,2.98296352394601e-07,8859,3.88083739498856e-06,"DOWN",0.0958408679927667
"COX7A2",-0.0819746417597338,4.33386136085325e-09,5365,1.27894423815956e-07,"DOWN",0.0976491862567812
"TCEB2",-0.0818575892613627,1.20297545398811e-08,4131,2.82624618449721e-07,"DOWN",0.0994575045207957
"TCEAL4",-0.0805929025949963,7.58509143557976e-08,4997,1.24863048385537e-06,"DOWN",0.10126582278481
"SCGB2A1",-0.0797166121834146,8.61065868292825e-07,3489,8.82906714199182e-06,"DOWN",0.103074141048825
"COX6C",-0.0791996471915962,1.36467792192378e-08,6191,3.14507722919687e-07,"DOWN",0.104882459312839
"FAU",-0.0791836757816194,6.5788865333953e-06,9146,4.7807783655121e-05,"DOWN",0.106690777576854
"NDUFA3",-0.0767426233347442,1.91958342928443e-10,2174,1.29031260331277e-08,"DOWN",0.108499095840868
"MRPL33",-0.0757864472965336,4.73227997415775e-12,2764,1.14514604781787e-09,"DOWN",0.110307414104882
"SLIRP",-0.0723936682683678,1.05134725902591e-08,2683,2.54411439122841e-07,"DOWN",0.112115732368897
"USMG5",-0.0705265514160871,7.18495891103183e-11,3165,6.73142095655761e-09,"DOWN",0.113924050632911
"TMEM258",-0.070257730648848,3.03129857918323e-11,2711,3.86069561958532e-09,"DOWN",0.115732368896926
"TBCA",-0.0674060874446869,1.67225959246919e-08,3235,3.74688521001668e-07,"DOWN",0.11754068716094
"ATPIF1",-0.0672528052702943,6.23836903565176e-10,3425,2.82180934407358e-08,"DOWN",0.119349005424955
"BEX2",-0.0659592761673011,1.11033661534397e-05,5864,7.28146461535977e-05,"DOWN",0.121157323688969
"SON",-0.0658886701154746,3.60186715951071e-07,4023,4.46975303605247e-06,"DOWN",0.122965641952984
"RPL12",-0.0654488962648607,2.00855038329604e-06,7704,1.76385251899659e-05,"DOWN",0.124773960216998
"YWHAE",-0.065168725650221,3.76985898769862e-08,4567,7.24435096189286e-07,"DOWN",0.126582278481013
"HMGN2",-0.0648301541869112,3.37292199278073e-09,2329,1.03316492468246e-07,"DOWN",0.128390596745027
"UBL5",-0.0644140162575342,1.41815629248266e-09,3481,5.12200197334104e-08,"DOWN",0.130198915009042
"CALM2",-0.0626577089906725,0.0106452974412714,15201,0.0155181576797283,"DOWN",0.132007233273056
"SNHG6",-0.0615967411771817,4.52101752173234e-10,3038,2.32770950559713e-08,"DOWN",0.133815551537071
"RPL24",-0.060475889131953,0.000289095455705688,8762,0.00101240356438584,"DOWN",0.135623869801085
"C14orf2",-0.0587220362831559,1.52750386062004e-09,2824,5.35702500656844e-08,"DOWN",0.137432188065099
"RPS11",-0.0586116625722463,0.0263917838326043,16491,0.0290209031133091,"DOWN",0.139240506329114
"SNHG8",-0.0583829346982971,1.96532781175694e-09,3141,6.51482250147113e-08,"DOWN",0.141048824593128
"NDUFB2",-0.0577009096401803,4.92823351887362e-08,3886,8.70484733502054e-07,"DOWN",0.142857142857143
"POLR2L",-0.057153906413023,3.01959927523795e-08,2255,6.11245680525384e-07,"DOWN",0.144665461121157
"SVIP",-0.0570666921366211,1.31455726351737e-06,3162,1.25238033715676e-05,"DOWN",0.146473779385172
"ZFAS1",-0.0540748447426152,4.05254764979021e-08,3253,7.66140830584921e-07,"DOWN",0.148282097649186
"UQCR11",-0.0536790949419259,9.33740043315047e-07,3648,9.41467191053279e-06,"DOWN",0.150090415913201
"TPM3",-0.0523501452493389,1.2095585931024e-05,5515,7.76382984786359e-05,"DOWN",0.151898734177215
"MIF",-0.051589529577048,0.00427489176489264,10625,0.0078846375902366,"DOWN",0.15370705244123
"RPL36AL",-0.0509905708585981,1.21467189562479e-07,5133,1.82567536322108e-06,"DOWN",0.155515370705244
"SRP14",-0.0509059176180163,1.04726029772848e-05,6904,6.958636285846e-05,"DOWN",0.157323688969259
"SCGN",-0.0506020366566254,0.0311501158883755,11718,0.0321719826604306,"DOWN",0.159132007233273
"RPL14",-0.0504471341031418,0.000408746579512236,8120,0.00134025741123816,"DOWN",0.160940325497288
"RPL39",-0.049959539979583,4.69492010287383e-10,1442,2.33382963052658e-08,"DOWN",0.162748643761302
"COMMD6",-0.0497817089701897,3.70388975098057e-07,2823,4.54969488639904e-06,"DOWN",0.164556962025316
"FAM159B",-0.0488969665974025,0.0123683625154444,8846,0.0171961631654862,"DOWN",0.166365280289331
"SEC62",-0.047621035858238,0.000109467265144094,5586,0.000478352176945827,"DOWN",0.168173598553345
"OST4",-0.0469421823797882,3.03114422697715e-08,2312,6.11245680525384e-07,"DOWN",0.16998191681736
"SARS",-0.0468940945749407,6.6883418616726e-07,2634,7.16144188235643e-06,"DOWN",0.171790235081374
"RPL41",-0.0459682106920785,6.31930118560662e-08,3000,1.08452705375577e-06,"DOWN",0.173598553345389
"COX6B1",-0.0441811670666193,4.30744612490465e-08,3362,7.89653147694621e-07,"DOWN",0.175406871609403
"PCP4",-0.0438441551022748,9.91469681824193e-05,2938,0.000444299808921618,"DOWN",0.177215189873418
"TCF25",-0.0436160851795833,6.05994310899e-08,3024,1.04744435167414e-06,"DOWN",0.179023508137432
"PAX6",-0.0430608652039704,6.85744800818373e-07,4787,7.31016389820696e-06,"DOWN",0.180831826401447
"NAA38",-0.0426135064762115,1.04749415373279e-07,1757,1.59420780591714e-06,"DOWN",0.182640144665461
"COX6A1",-0.0426070040247513,3.53673827326971e-08,2547,6.97246074454051e-07,"DOWN",0.184448462929476
"SNRPD2",-0.0409898885475506,4.66106974761379e-05,3857,0.000241523375100955,"DOWN",0.18625678119349
"SLC7A8",-0.0407966065995336,2.82441029359715e-07,1675,3.73479822500242e-06,"DOWN",0.188065099457505
"NDUFC1",-0.0396765656709561,8.7896177265635e-09,2280,2.21558900967787e-07,"DOWN",0.189873417721519
"FXYD2",-0.0391798696350662,0.000204440752747052,2521,0.000776163926445282,"DOWN",0.191681735985533
"NDUFA13",-0.0382175541588957,3.58875370907119e-05,3911,0.000194279321946129,"DOWN",0.193490054249548
"COX5B",-0.0379741086126462,4.82104781575114e-09,3650,1.34095015284525e-07,"DOWN",0.195298372513562
"TCEAL2",-0.0378505654231173,0.000226634037448617,2154,0.000847639726957653,"DOWN",0.197106690777577
"NUCKS1",-0.0377793814887199,0.00169961609136467,7168,0.00397760435204342,"DOWN",0.198915009041591
"TCEAL8",-0.0377757513193042,6.14301896933152e-06,2281,4.56313168727169e-05,"DOWN",0.200723327305606
"EIF5B",-0.0367794420871888,3.92151606871708e-07,3543,4.7382411368162e-06,"DOWN",0.20253164556962
"RPS16",-0.0367330793768606,0.0181710645766035,10902,0.022665697572876,"DOWN",0.204339963833635
"NDUFS5",-0.036532639493701,7.52908694116802e-07,3469,7.85316595353923e-06,"DOWN",0.206148282097649
"MYEOV2",-0.0360742440825574,6.10947116798159e-09,1588,1.64267466104587e-07,"DOWN",0.207956600361664
"DHRS7",-0.0359544199973677,0.000369796901443796,4609,0.00124285716192292,"DOWN",0.209764918625678
"SEZ6L2",-0.0356880623715564,4.68451770949505e-09,1786,1.32701926261591e-07,"DOWN",0.211573236889693
"MIR4458HG",-0.0356550152423927,8.72648226484085e-06,902,6.01620382953284e-05,"DOWN",0.213381555153707
"RPL23A",-0.0349574560687489,0.000378320438888249,3374,0.00126622812412026,"DOWN",0.215189873417722
"TSTD1",-0.0347083599467898,9.76068442800799e-08,2589,1.51833680591068e-06,"DOWN",0.216998191681736
"PPP1R1A",-0.034299749789179,0.0305520555412337,3320,0.0317576169981686,"DOWN",0.21880650994575
"ST13",-0.0333160894414515,7.98303441326425e-06,2339,5.55110197292645e-05,"DOWN",0.220614828209765
"HINT1",-0.03326273896014,0.0242856133930865,8352,0.0275001462073717,"DOWN",0.222423146473779
"SMIM4",-0.0331407323236132,3.84004653333718e-08,1041,7.31683420051321e-07,"DOWN",0.224231464737794
"AKAP9",-0.0329320961623594,0.00117263743753877,5981,0.00299643060458737,"DOWN",0.226039783001808
"SYF2",-0.0326033256328853,5.53125968882467e-07,2135,6.19670391312181e-06,"DOWN",0.227848101265823
"DNAJA1",-0.0324400535135803,0.000218583797533264,3066,0.000825183214496091,"DOWN",0.229656419529837
"KTN1",-0.032330222644901,0.00119924129313148,4723,0.00304831661684167,"DOWN",0.231464737793852
"FFAR4",-0.0320129955801916,3.40259956636802e-07,1205,4.28844714190268e-06,"DOWN",0.233273056057866
"MRLN",-0.0318748501888161,3.31286426374878e-06,1309,2.71733242589137e-05,"DOWN",0.235081374321881
"DNAJC8",-0.0314135158889963,3.68797944393769e-09,1802,1.1017775545986e-07,"DOWN",0.236889692585895
"ITGB1",-0.0309981623635213,2.16547552792387e-08,2130,4.67870545485713e-07,"DOWN",0.23869801084991
"ERLEC1",-0.0306033044165428,5.00346786030078e-05,3642,0.000252659563875727,"DOWN",0.240506329113924
"C4orf48",-0.030445130318755,1.33020869499666e-06,2012,1.26232170486888e-05,"DOWN",0.242314647377939
"MAFB",-0.0291065917987195,0.00800893252276548,4345,0.0126669965326287,"DOWN",0.244122965641953
"TCEAL3",-0.0288580921733026,4.05081942569777e-05,3265,0.000214494979631088,"DOWN",0.245931283905967
"METAP2",-0.0286549567430903,3.14611104573757e-05,2229,0.000175418246658854,"DOWN",0.247739602169982
"PRMT2",-0.0285504558873502,1.76254391948367e-07,2624,2.56934431479138e-06,"DOWN",0.249547920433996
"STMN2",-0.028149124582998,0.00405337438532247,4061,0.00759179815532968,"DOWN",0.251356238698011
"NARS",-0.0278059596456382,1.89037744156292e-08,1638,4.15859176071047e-07,"DOWN",0.253164556962025
"PKIB",-0.0277499559730892,9.4408776642965e-06,2695,6.42105358154293e-05,"DOWN",0.25497287522604
"RSRC2",-0.027597693386422,7.51277012485007e-06,1937,5.28569360458927e-05,"DOWN",0.256781193490054
"DPM3",-0.027321232730452,7.46225134131646e-07,1168,7.81714811274545e-06,"DOWN",0.258589511754069
"SEC61G",-0.0272693380082234,5.25931967412346e-05,2031,0.000262263722185343,"DOWN",0.260397830018083
"MYH10",-0.0270454486988583,3.94734773072641e-06,1337,3.11141154200842e-05,"DOWN",0.262206148282098
"PFDN5",-0.0269562941879492,0.0182631620421433,7235,0.0226870207241268,"DOWN",0.264014466546112
"LUC7L3",-0.0268862740862552,0.00671659299072847,5684,0.0111629275163995,"DOWN",0.265822784810127
"SHFM1",-0.0268742368345905,1.81903274576151e-05,2080,0.000110045166972122,"DOWN",0.267631103074141
"NFE2L1",-0.0268430611089298,3.70495340443671e-06,1535,2.96869960923367e-05,"DOWN",0.269439421338156
"NDUFA7",-0.0267140114622734,1.94054797747925e-05,2355,0.000115947078215031,"DOWN",0.27124773960217
"APCDD1L-AS1",-0.0264753989129981,1.01047052602582e-05,835,6.75469163798036e-05,"DOWN",0.273056057866184
"CFDP1",-0.0262048650121419,5.45813700617533e-06,1449,4.12747928535665e-05,"DOWN",0.274864376130199
"TM4SF4",-0.026030863737475,0.0017139517453171,978,0.00400340274894912,"DOWN",0.276672694394213
"KRTCAP2",-0.0260251826732066,0.000126863274733444,2463,0.000532726402886364,"DOWN",0.278481012658228
"ATP5H",-0.0259324738814591,1.23014270765197e-06,2800,1.18596595690344e-05,"DOWN",0.280289330922242
"NDUFB9",-0.0257010494981081,1.24565274831287e-06,3178,1.19615345107784e-05,"DOWN",0.282097649186257
"ATP5G2",-0.024938422383363,0.0079101956898664,6370,0.0125600887588872,"DOWN",0.283905967450271
"DYNLRB1",-0.024657936640432,0.00245003333715643,3974,0.00523893375927253,"DOWN",0.285714285714286
"COA3",-0.0245039492725093,4.49908039355603e-06,1531,3.48947111282294e-05,"DOWN",0.2875226039783
"TMSB10",-0.0244359393901511,0.000336765966330512,3397,0.00115428736520044,"DOWN",0.289330922242315
"GOLGB1",-0.0244032649070667,0.00107058006310676,3504,0.002788649199894,"DOWN",0.291139240506329
"RBM25",-0.0241983052159023,0.00939856466373933,4619,0.0142323038365959,"DOWN",0.292947558770344
"SELK",-0.0241567823943998,0.000458647315372284,2631,0.00146419897327903,"DOWN",0.294755877034358
"ZNHIT1",-0.0240039619715557,0.000133894016372786,1845,0.000554802960516017,"DOWN",0.296564195298373
"DDX24",-0.0237559178238613,0.00155229945574281,4298,0.00373152375339972,"DOWN",0.298372513562387
"C12orf75",-0.0237330001244675,0.000341651680319684,1926,0.00116443609763703,"DOWN",0.300180831826401
"CHD4",-0.0236606603762133,0.00689315548805152,2887,0.0113627242454772,"DOWN",0.301989150090416
"UBA52",-0.0235628572264413,0.0437689392362034,6955,0.0401540245343567,"DOWN",0.30379746835443
"MINOS1",-0.0235207976816255,2.85041123009019e-05,2151,0.000160783202982175,"DOWN",0.305605786618445
"EIF3A",-0.0233530161622718,0.00243603127748179,4367,0.00522130864280028,"DOWN",0.307414104882459
"SLTM",-0.0233439536393521,0.00019269007521397,3126,0.000738959156458476,"DOWN",0.309222423146474
"SNRNP27",-0.0232196030953149,5.53635261365767e-05,1743,0.000273971464689274,"DOWN",0.311030741410488
"UQCR10",-0.0231446393048951,0.000175031999883398,2230,0.000685361063402404,"DOWN",0.312839059674503
"TMA7",-0.0230336356738001,1.56652351258064e-06,1317,1.43047901680939e-05,"DOWN",0.314647377938517
"SNHG5",-0.0229288910710002,0.000107381909384863,3003,0.000471595845983594,"DOWN",0.316455696202532
"IFI27L2",-0.0227439043031103,1.26928436025807e-05,1426,8.12563999064307e-05,"DOWN",0.318264014466546
"PIN4",-0.0225639577100201,4.34721378680494e-07,909,5.0575258508545e-06,"DOWN",0.320072332730561
"PET100",-0.022154651976256,7.86483645733337e-08,742,1.27730283381028e-06,"DOWN",0.321880650994575
"SAT1",-0.02195920393492,0.000152058957285601,1867,0.000609207887113599,"DOWN",0.32368896925859
"SMIM24",-0.0218470859999656,4.99878544845314e-05,432,0.000252659563875727,"DOWN",0.325497287522604
"CAMK2N1",-0.0218125409324723,2.34373066295324e-06,1025,2.0040645887476e-05,"DOWN",0.327305605786618
"ATP5J2",-0.0217004945780312,1.13353577940915e-08,767,2.6950528094129e-07,"DOWN",0.329113924050633
"RPS27",-0.0215395486429098,2.19386073839369e-06,1064,1.88926632654705e-05,"DOWN",0.330922242314647
"ATP5J",-0.0214144082260872,0.00368925184065861,3717,0.00711920033145597,"DOWN",0.332730560578662
"BOLA3",-0.0213831583991687,3.95528771619748e-07,1064,4.7382411368162e-06,"DOWN",0.334538878842676
"TMCO1",-0.0212547830067106,0.000389477582550269,2162,0.00129284180010094,"DOWN",0.336347197106691
"NDUFB7",-0.0209252001394954,5.01171691077935e-05,1915,0.000252659563875727,"DOWN",0.338155515370705
"PRRC2C",-0.0207879977943033,0.00177158973051216,3350,0.00411025998970831,"DOWN",0.33996383363472
"HNRNPM",-0.0207781395782238,0.000730171108992615,2331,0.00211100681272256,"DOWN",0.341772151898734
"DYNC1I2",-0.0206096406651629,0.00010951335187817,1626,0.000478352176945827,"DOWN",0.343580470162749
"PTMA",-0.0206063844816252,0.00323821572630007,4122,0.00645780524710904,"DOWN",0.345388788426763
"YTHDC1",-0.0205886552280003,1.72233471723901e-05,2055,0.000105247749394398,"DOWN",0.347197106690778
"NMT1",-0.0205796168678254,1.65658861009825e-05,756,0.000102787549367624,"DOWN",0.349005424954792
"NDUFS4",-0.0205400484741819,3.20784783673376e-05,1407,0.000178040054295498,"DOWN",0.350813743218806
"HSPE1",-0.0204563452742306,1.6956520165023e-05,1834,0.000104408204708092,"DOWN",0.352622061482821
"SHTN1",-0.0204099812993816,0.00015238725789637,1802,0.000609514059027054,"DOWN",0.354430379746835
"COX16",-0.0202947375669831,3.66545069976936e-05,901,0.000197547477937478,"DOWN",0.35623869801085
"PDCD5",-0.0202898241848527,4.70954100502301e-05,1291,0.000242958063255789,"DOWN",0.358047016274864
"UQCC2",-0.01995818884704,4.11175002270781e-07,970,4.83278592573537e-06,"DOWN",0.359855334538879
"NDUFAF2",-0.0198503458029626,9.60633423677033e-05,1031,0.000433693937492373,"DOWN",0.361663652802893
"LRRFIP1",-0.019703239199506,6.12596450756259e-06,1315,4.56313168727169e-05,"DOWN",0.363471971066908
"LINC00116",-0.0196117153178027,4.17008627764869e-06,881,3.2551709003574e-05,"DOWN",0.365280289330922
"CBX3",-0.0195466258155281,1.51584157420807e-07,894,2.2231067519272e-06,"DOWN",0.367088607594937
"NDUFS6",-0.019187127839142,3.25967692829915e-07,1044,4.12982490711908e-06,"DOWN",0.368896925858951
"HP1BP3",-0.0189638406212925,6.14738133937733e-06,2325,4.56313168727169e-05,"DOWN",0.370705244122966
"SST",-0.0187079582321046,0.00693547269311827,1775,0.0114169258183927,"DOWN",0.37251356238698
"MRPL1",-0.0186703686124428,0.000100855177744192,1547,0.000449457692041783,"DOWN",0.374321880650995
"NDUFA2",-0.0186703173769677,1.91419287438353e-05,1350,0.000114939974628389,"DOWN",0.376130198915009
"SNRPF",-0.0185268849840407,1.11966377990895e-05,1173,7.28341636094966e-05,"DOWN",0.377938517179023
"RPS27L",-0.0184900647384894,0.00409453023173023,2630,0.00764521192180416,"DOWN",0.379746835443038
"NSA2",-0.0183924824814771,4.9098810088452e-05,1356,0.000249908872623707,"DOWN",0.381555153707052
"THOC7",-0.0180420890898346,3.89946739306827e-06,1161,3.08781607118326e-05,"DOWN",0.383363471971067
"LINC00493",-0.0180081356903504,1.81300234321658e-05,1592,0.000110045166972122,"DOWN",0.385171790235081
"DHX36",-0.0179789856490968,0.000380881043421579,1983,0.00126778437576244,"DOWN",0.386980108499096
"SLC7A2",-0.0178658350572673,0.000293126733519369,1703,0.00102355843516877,"DOWN",0.38878842676311
"ANKRD12",-0.0176042024149091,0.0394855621161974,3425,0.0376528898738892,"DOWN",0.390596745027125
"TPM1",-0.0175687519427556,0.000440613794113187,1439,0.0014191769921805,"DOWN",0.392405063291139
"GAS5",-0.0175670642088346,0.0477413182664618,5688,0.0422558015736223,"DOWN",0.394213381555154
"HMGN5",-0.0175515214457001,2.63134668959943e-06,1584,2.21524196210639e-05,"DOWN",0.396021699819168
"PDAP1",-0.0175279400927959,0.000369648844700965,1688,0.00124285716192292,"DOWN",0.397830018083183
"MAFA",-0.0174853661452768,6.08017311677416e-06,912,4.55516245616566e-05,"DOWN",0.399638336347197
"CWC15",-0.0172335484894958,1.3813938139249e-05,1843,8.75073619989701e-05,"DOWN",0.401446654611212
"KAT6B",-0.017061587443387,0.000330346597275761,1658,0.00113550127560266,"DOWN",0.403254972875226
"FAM200B",-0.0169477824784911,0.000218964688979262,1715,0.000825333559043559,"DOWN",0.40506329113924
"MLXIPL",-0.0169355061471297,0.000919449300530287,2126,0.002474905055845,"DOWN",0.406871609403255
"NDUFB3",-0.0168394057162075,1.53330992428415e-05,1354,9.63739512324481e-05,"DOWN",0.408679927667269
"SRRM1",-0.0167842845726446,0.0116027072842175,2574,0.0165743451213231,"DOWN",0.410488245931284
"PSMC3",-0.0167150726734258,0.000228749854221432,1215,0.000852409539803213,"DOWN",0.412296564195298
"SRP19",-0.0166257737723286,4.45909393373756e-05,1850,0.000232051358950893,"DOWN",0.414104882459313
"GCC2",-0.0165315227114326,0.000123580968688862,1710,0.000523358102559707,"DOWN",0.415913200723327
"PFKFB2",-0.0164446314726981,0.000434281546765922,1321,0.00140494792087364,"DOWN",0.417721518987342
"NDUFC2",-0.0161529396961717,0.000867826519493176,2554,0.00239454923913787,"DOWN",0.419529837251356
"ROBO2",-0.0160399426001713,2.28710496221623e-06,1331,1.96258030235384e-05,"DOWN",0.421338155515371
"CHMP3",-0.0160348851336302,4.67281142760917e-05,454,0.00024161441992554,"DOWN",0.423146473779385
"FKBP3",-0.0155660438713397,0.00352565659554799,1858,0.0069193831606349,"DOWN",0.4249547920434
"PRPF38B",-0.0155493262839363,0.000194074675111213,1548,0.000741917483775884,"DOWN",0.426763110307414
"DEK",-0.0152647490651058,0.000895252261230487,2193,0.00243921947185059,"DOWN",0.428571428571429
"BPTF",-0.0152477762440034,0.00177622233090776,1721,0.00411706074617239,"DOWN",0.430379746835443
"RBM34",-0.0151151027068304,6.58393436894958e-05,1083,0.000319923835709311,"DOWN",0.432188065099458
"ZMYND8",-0.0150637415393818,0.00558479575713856,1470,0.00970864246004375,"DOWN",0.433996383363472
"TMEM37",-0.0150153859548282,0.00355908096342088,1405,0.00695677040910129,"DOWN",0.435804701627486
"TUBA4A",-0.0150058669346648,0.0011890429372361,1549,0.0030319481706742,"DOWN",0.437613019891501
"PRR34-AS1",-0.0149804380458327,1.55276277315668e-05,429,9.73437905638819e-05,"DOWN",0.439421338155515
"NOP10",-0.0149468156744184,0.00581675839495399,1979,0.0100112003419304,"DOWN",0.44122965641953
"SNRPE",-0.0147934223721506,2.87516564844845e-06,987,2.39089404237263e-05,"DOWN",0.443037974683544
"ING2",-0.0147119377634653,0.000504634647914821,1347,0.00157364147078636,"DOWN",0.444846292947559
"RPL28",-0.0145769719702436,0.000256381727664915,2521,0.000921854655735653,"DOWN",0.446654611211573
"TIMM8B",-0.014520308985735,3.83856771371849e-07,822,4.69131358409247e-06,"DOWN",0.448462929475588
"ARPP19",-0.0144584280182632,0.0015356916294991,1326,0.00370198778178255,"DOWN",0.450271247739602
"ZKSCAN1",-0.0142926563659008,0.0369185808213227,3372,0.0359797984621233,"DOWN",0.452079566003617
"SNHG19",-0.0142901576146008,8.82494542341905e-05,544,0.000404453458601896,"DOWN",0.453887884267631
"CASR",-0.0142328274275953,1.29727215753644e-05,1260,8.28289841656015e-05,"DOWN",0.455696202531646
"ZSCAN16-AS1",-0.0142279723986236,7.10619669313294e-07,496,7.49233395955373e-06,"DOWN",0.45750452079566
"LLGL2",-0.0137069819408547,0.000153401138941309,1046,0.00061255685984579,"DOWN",0.459312839059675
"AHI1",-0.0136285589304962,0.00138603188948115,2192,0.0034259496703038,"DOWN",0.461121157323689
"WBP5",-0.0135552682730756,0.0230960905803635,1832,0.026601300523148,"DOWN",0.462929475587703
"ZC3H15",-0.0135492090658337,0.0114985274407062,2691,0.0164839098810447,"DOWN",0.464737793851718
"IMMP1L",-0.0134765269471834,1.87131162759526e-05,841,0.000112925543994922,"DOWN",0.466546112115732
"TTC37",-0.0133783245855868,0.00241963739367967,1645,0.00520924068963479,"DOWN",0.468354430379747
"TOPORS-AS1",-0.0133305489062084,2.35057861647824e-05,524,0.000136404649469392,"DOWN",0.470162748643761
"ANKRD23",-0.0131776385061729,3.70932755776872e-05,577,0.000199025668816284,"DOWN",0.471971066907776
"PRPF4B",-0.0131559834177923,0.000469414490302243,1067,0.00149070589251214,"DOWN",0.47377938517179
"C19orf70",-0.0131124904929991,0.000441025757391768,1633,0.0014191769921805,"DOWN",0.475587703435805
"ZC3H13",-0.0130800910316857,0.0136076616429248,2669,0.0184267777298365,"DOWN",0.477396021699819
"ARL6IP1",-0.0129563462124309,0.0464029355234636,2723,0.0416346537240045,"DOWN",0.479204339963834
"CDC42BPA",-0.0129240055973345,0.00207206291728642,1378,0.00465130293291945,"DOWN",0.481012658227848
"COX7B",-0.0129234195461177,0.000773951072247142,1324,0.00220335780546051,"DOWN",0.482820976491863
"CACNA2D2",-0.0127983376250126,7.79858091798663e-08,562,1.27510020391125e-06,"DOWN",0.484629294755877
"SNRPD1",-0.0127604076290729,0.00310680904391035,1187,0.00628599207149465,"DOWN",0.486437613019892
"POMP",-0.0126712376406132,0.0147120792606771,2216,0.0195075008733942,"DOWN",0.488245931283906
"FAM177A1",-0.0126650693005849,0.000780286441361611,1502,0.00221617939936181,"DOWN",0.49005424954792
"ATOX1",-0.0126538113647944,0.000741650974249368,843,0.00213146363685747,"DOWN",0.491862567811935
"ZMAT2",-0.0125855903132485,0.000884589301079678,1585,0.00242696517768033,"DOWN",0.493670886075949
"TMED6",-0.012585144994704,0.000127406103186071,498,0.000532726402886364,"DOWN",0.495479204339964
"LSM7",-0.0125092965397385,0.000239432063156779,1087,0.00087919931501912,"DOWN",0.497287522603978
"CEBPZ",-0.012405332950865,0.00430934727878043,1617,0.00794213410356459,"DOWN",0.499095840867993
"DENR",-0.0123742267350494,3.52308520686751e-05,994,0.000191151951423402,"DOWN",0.500904159132007
"CIR1",-0.0123308958115915,0.007853490560741,1710,0.0124864367472764,"DOWN",0.502712477396022
"THOC2",-0.0122806186655761,0.0201021342578466,2142,0.0242132273759196,"DOWN",0.504520795660036
"COX7A1",-0.0122793200233855,0.000524755151383328,671,0.00162590858651439,"DOWN",0.506329113924051
"LOC389831",-0.0122244598578616,7.43906195133793e-06,399,5.26359562469403e-05,"DOWN",0.508137432188065
"SMAP1",-0.0122177970375956,0.00017749741059963,1011,0.000691242746631414,"DOWN",0.50994575045208
"AIMP1",-0.0121532261419905,0.00400595944104648,1225,0.00753799816090576,"DOWN",0.511754068716094
"C11orf58",-0.0120764157020969,0.0466173677447395,2987,0.0417414794113731,"DOWN",0.513562386980108
"SNHG9",-0.0120625180619848,9.74268455938515e-05,390,0.000438340745775076,"DOWN",0.515370705244123
"PDCD10",-0.0120478726998152,0.00295938570431625,1189,0.00603876105769422,"DOWN",0.517179023508137
"ENY2",-0.0119944507029882,0.00296768118849497,1262,0.00604102236448661,"DOWN",0.518987341772152
"PHPT1",-0.0119539225841993,0.0333639993171358,3888,0.0335797746790529,"DOWN",0.520795660036166
"LARS",-0.011947540651379,0.021239439738648,1530,0.0250411941212638,"DOWN",0.522603978300181
"C21orf58",-0.0119311921893768,0.00358153469898917,1176,0.00697811327610782,"DOWN",0.524412296564195
"RAB11FIP1",-0.0118667748925461,0.00985125430394165,2327,0.0146789825159577,"DOWN",0.52622061482821
"SREK1IP1",-0.0117808998638452,0.00123635575437596,977,0.00311971768742597,"DOWN",0.528028933092224
"MORF4L1",-0.0117497081831132,0.0409831027239201,2761,0.0386339767207451,"DOWN",0.529837251356239
"MEIS2",-0.0117208828936264,0.0122530871415282,2503,0.0171468663669607,"DOWN",0.531645569620253
"PTPN11",-0.011678367772018,0.0161440172963732,1742,0.0207909953811156,"DOWN",0.533453887884268
"PNN",-0.0115508761111871,0.0438378795110187,3278,0.0401824173075406,"DOWN",0.535262206148282
"CETN2",-0.0115353207080392,0.000165804571143011,617,0.000651421546136686,"DOWN",0.537070524412297
"TCEA3",-0.0115189785904277,0.000393154178817407,347,0.00129792431754228,"DOWN",0.538878842676311
"LSM3",-0.0114719747462861,0.000166095105639382,1123,0.000651421546136686,"DOWN",0.540687160940326
"BTBD3",-0.011446583571448,3.16871221198895e-05,653,0.00017627226641921,"DOWN",0.54249547920434
"BHLHE41",-0.0114261891538877,0.000251410651438424,703,0.000910746809965915,"DOWN",0.544303797468354
"SCD",-0.0114021967571759,0.00477142542646569,1271,0.00860371612337187,"DOWN",0.546112115732369
"CCDC12",-0.0113366834612782,0.00630487804108123,1052,0.0106246026816186,"DOWN",0.547920433996383
"CHD2",-0.0113220589226749,0.0014358877676468,952,0.00352041441751473,"DOWN",0.549728752260398
"FRA10AC1",-0.011277653101542,0.00366917971960669,1335,0.00709744641857609,"DOWN",0.551537070524412
"ACLY",-0.0112631433747958,0.00151253500534281,1346,0.00366378849162221,"DOWN",0.553345388788427
"CRYBA2",-0.0111085560344592,0.00285338680737865,1310,0.00589146748449288,"DOWN",0.555153707052441
"TUBGCP2",-0.0110843236087302,0.000618492545165988,863,0.00185001988125719,"DOWN",0.556962025316456
"FNBP1L",-0.0110518257636813,0.00250821582478991,1310,0.0053382005625806,"DOWN",0.55877034358047
"C2orf74",-0.0109735188816583,0.00138773847192486,719,0.00342666777529454,"DOWN",0.560578661844485
"MRPL53",-0.010945777163562,0.00492247594210242,1077,0.00879805479300028,"DOWN",0.562386980108499
"VBP1",-0.0109386353000271,0.000220009158376489,971,0.00082798074001027,"DOWN",0.564195298372514
"PFDN4",-0.0109270361482582,0.00352314165772521,817,0.0069193831606349,"DOWN",0.566003616636528
"SUPT5H",-0.0108987401828815,0.00274115161879908,842,0.00572815744291631,"DOWN",0.567811934900542
"DDX1",-0.0108853040276845,0.0382854283319079,1537,0.0369399604367744,"DOWN",0.569620253164557
"NCL",-0.0108118020850483,0.0559479905908292,6886,0.0460654539168609,"DOWN",0.571428571428571
"NUB1",-0.0107229553526726,0.00964487607278956,974,0.0145048776576052,"DOWN",0.573236889692586
"TARDBP",-0.0106910251217774,0.000445799671563361,896,0.00143073382967501,"DOWN",0.5750452079566
"FXR1",-0.0106870048068083,0.018307733390246,1788,0.0227158934246463,"DOWN",0.576853526220615
"CD164",-0.010667991784919,0.0531960639218625,2466,0.0447746395191049,"DOWN",0.578661844484629
"DDX21",-0.0105628844073344,0.003127080526696,1285,0.00630591724269142,"DOWN",0.580470162748644
"MRPL22",-0.0105043265203095,0.00217955478140957,960,0.00479910823296085,"DOWN",0.582278481012658
"PPY",-0.0104776542570609,0.00085017529396062,487,0.00236278675131673,"DOWN",0.584086799276673
"NDUFV3",-0.0104686557150127,3.62331942784761e-05,992,0.000195712721676581,"DOWN",0.585895117540687
"MED4",-0.0104665350232002,0.00829055389931089,1314,0.0130357305549658,"DOWN",0.587703435804702
"SLC16A12",-0.0104419145767676,2.72122189501438e-05,460,0.000154252831187277,"DOWN",0.589511754068716
"DRAP1",-0.0104288440014757,0.003684535954207,778,0.00711577448141739,"DOWN",0.591320072332731
"SRPRA",-0.010352968562296,0.0606871806792839,1982,0.048070157968151,"DOWN",0.593128390596745
"MRPL52",-0.0102945731582418,0.000817780490368442,733,0.00230374300459261,"DOWN",0.594936708860759
"PRPF6",-0.0102494706046521,0.00214127888431993,1100,0.00476605942522602,"DOWN",0.596745027124774
"MECP2",-0.0102174167714643,0.000225604692703503,582,0.000845096024735408,"DOWN",0.598553345388788
"SMIM22",-0.0102081471321419,1.11419018861071e-05,640,7.28341636094966e-05,"DOWN",0.600361663652803
"ATP2A3",-0.0101804699356312,0.00048076593946657,828,0.0015187817506082,"DOWN",0.602169981916817
"PA2G4",-0.0101778859897569,0.0104585160034532,1590,0.01531970738664,"DOWN",0.603978300180832
"WDR45B",-0.0100933220061131,0.00087676738973692,859,0.00241371484335331,"DOWN",0.605786618444846
"CETN3",-0.0100736853106307,0.00603133647057615,695,0.0102492955269667,"DOWN",0.607594936708861
"HIPK2",-0.0100124797730912,0.00967671721591696,1081,0.0145262481927506,"DOWN",0.609403254972875
"BEX5",-0.00999574799392003,0.000850199741179914,935,0.00236278675131673,"DOWN",0.61121157323689
"GRAMD3",-0.00999473909375237,3.41308195580515e-06,344,2.78087018163321e-05,"DOWN",0.613019891500904
"XPC",-0.00994006647960353,0.000323781678952663,934,0.00111610642050798,"DOWN",0.614828209764919
"ZRANB2",-0.00988475233651763,0.032645171256877,1788,0.0331919251186325,"DOWN",0.616636528028933
"BLOC1S6",-0.00981831251588764,0.0216186200091037,1220,0.0253705425596118,"DOWN",0.618444846292948
"DPYSL2",-0.0098113797417778,0.00238474139549608,855,0.00513915185936606,"DOWN",0.620253164556962
"RBM23",-0.00975068638252553,0.00168983982885246,1074,0.00397393368116209,"DOWN",0.622061482820977
"WDR60",-0.00973665353484735,0.00588946726275516,960,0.0101147573069411,"DOWN",0.623869801084991
"GLO1",-0.00971777786627099,0.000975694009440156,1400,0.00259107398080327,"DOWN",0.625678119349005
"TMEM256",-0.00970823516161638,0.00090076630833176,673,0.00244364282303526,"DOWN",0.62748643761302
"KNOP1",-0.00970170615301989,0.000983255414888747,509,0.00260606964152578,"DOWN",0.629294755877034
"TOP1",-0.00961953062034797,0.0237339163553405,1196,0.0270781622889522,"DOWN",0.631103074141049
"LOC105369635",-0.00961628493699387,0.00161074547067689,333,0.00384356863557057,"DOWN",0.632911392405063
"C8orf33",-0.0096142421797807,0.000892946011176465,584,0.00243801031668815,"DOWN",0.634719710669078
"CCT3",-0.00960557436485352,0.021720555395106,1813,0.0254090176830103,"DOWN",0.636528028933092
"ATP5G1",-0.00960387202908499,0.00217467924869536,1457,0.00479710285852778,"DOWN",0.638336347197107
"AP1AR",-0.00960136650015471,0.000921885217081147,681,0.00247545275716412,"DOWN",0.640144665461121
"ZNF33A",-0.00957571049548784,0.00759645456659224,1378,0.0121818192922439,"DOWN",0.641952983725136
"C8orf59",-0.00957031710884576,0.0463604332302641,1141,0.0416346537240045,"DOWN",0.64376130198915
"ST18",-0.00955288097653631,0.000176416713438014,781,0.000689667127177038,"DOWN",0.645569620253165
"PREPL",-0.00954161320742775,0.000165322519955918,1041,0.000651421546136686,"DOWN",0.647377938517179
"C5orf24",-0.00952706767473812,0.000127015901406097,776,0.000532726402886364,"DOWN",0.649186256781193
"TMEM27",-0.00949089544114118,0.000150287329393196,325,0.000606124117168108,"DOWN",0.650994575045208
"SLK",-0.0094907510338342,0.0230680852918878,1127,0.026594360881111,"DOWN",0.652802893309222
"CWF19L2",-0.00945353927581869,0.00602132010292312,792,0.0102394649412616,"DOWN",0.654611211573237
"FAM32A",-0.00943365380161734,0.020228525545018,743,0.0243170507522217,"DOWN",0.656419529837251
"CHST9",-0.00942059509269512,0.0374931418790806,1184,0.0364077839348248,"DOWN",0.658227848101266
"SYAP1",-0.00938389921216069,5.49331330223285e-05,1227,0.000272398677571804,"DOWN",0.66003616636528
"GTF2F1",-0.00929200226612129,0.00537065249709395,1507,0.00941074101959415,"DOWN",0.661844484629295
"USP16",-0.00927662685427272,0.00547500133759928,1576,0.0095520858353556,"DOWN",0.663652802893309
"CALCOCO2",-0.00924893619192841,0.0423486672592525,1956,0.0393540302665727,"DOWN",0.665461121157324
"SUB1",-0.00924648574341474,0.0329025225499452,2233,0.0333396766979168,"DOWN",0.667269439421338
"MRPS5",-0.00922928076233372,0.00171932951385034,1264,0.0040120913221589,"DOWN",0.669077757685353
"SPRYD7",-0.00920095116985433,0.00467536986557486,898,0.00848106890342036,"DOWN",0.670886075949367
"TIMM44",-0.00917091759544075,0.000608418636359041,379,0.00183577135080875,"DOWN",0.672694394213382
"MORF4L2",-0.00915264305917098,0.00681393197600468,2340,0.0112782279706525,"DOWN",0.674502712477396
"DNM1L",-0.00914423307492824,0.000782639436007426,900,0.00222025646963033,"DOWN",0.676311030741411
"EPB41L1",-0.00909248321718606,0.00160751900131729,536,0.00384005210781648,"DOWN",0.678119349005425
"ANKRD11",-0.00908391168167133,0.00474878473521037,1266,0.00858849006599554,"DOWN",0.679927667269439
"ASH1L",-0.00902904462402478,0.00935800257659237,1369,0.0141805129113361,"DOWN",0.681735985533454
"CD82",-0.00891669799055829,0.00729697440004038,547,0.0118428335953292,"DOWN",0.683544303797468
"PLAGL1",-0.00891666404452081,0.00804843164473042,566,0.0127211542036397,"DOWN",0.685352622061483
"BAZ1B",-0.00889636333541497,0.0496889103920157,1641,0.0431123212729578,"DOWN",0.687160940325497
"PFDN1",-0.00889424474626968,0.00445430879138295,829,0.00815341059842465,"DOWN",0.688969258589512
"FLII",-0.00882986922510477,0.000911288638394138,441,0.00246115175883084,"DOWN",0.690777576853526
"WBP4",-0.0088032790300902,3.00986523881623e-05,832,0.000169382696964248,"DOWN",0.692585895117541
"SHOC2",-0.00879327389066659,0.00800824873603409,1045,0.0126669965326287,"DOWN",0.694394213381555
"PSME1",-0.00877308203036082,0.0418372644501521,1764,0.0390830005923982,"DOWN",0.69620253164557
"U2SURP",-0.00875190141436645,0.00656138030399579,1795,0.0109652136137311,"DOWN",0.698010849909584
"ZFAND6",-0.00872499027802508,0.00655203945814464,1442,0.01096474810696,"DOWN",0.699819168173599
"SNW1",-0.00870459236235963,0.0153975885643457,1366,0.0201514475005046,"DOWN",0.701627486437613
"PEG10",-0.00867479276966457,0.0272025885912113,1080,0.0294262348741957,"DOWN",0.703435804701627
"WBP11",-0.00865073804715579,0.0135722373518404,1041,0.0183994005251111,"DOWN",0.705244122965642
"HMGB1",-0.00863794699822563,0.0126008780379931,1469,0.0174450074887792,"DOWN",0.707052441229656
"HEIH",-0.00852412752937108,0.00464428311853672,586,0.00843732755676306,"DOWN",0.708860759493671
"MRPS33",-0.00849876710256217,0.0210091835796519,1416,0.0249034983756734,"DOWN",0.710669077757685
"KIF21A",-0.00849875882319567,0.0203113690749306,1717,0.0243803040694932,"DOWN",0.7124773960217
"EIF3J",-0.00849651036866043,0.0109221104993377,969,0.015812537255552,"DOWN",0.714285714285714
"SURF6",-0.00845151098012216,0.0098171311222045,581,0.0146462515239446,"DOWN",0.716094032549729
"NDUFA6",-0.00832283193603522,0.00187350562914344,1448,0.0042972734533783,"DOWN",0.717902350813743
"NEDD8",-0.00830553752935687,0.00543232746977014,1732,0.00949132001342803,"DOWN",0.719710669077758
"PUM3",-0.00829047511452224,0.00583278789560797,729,0.0100245290104409,"DOWN",0.721518987341772
"ZBTB7A",-0.00828401851895148,0.0025347713233245,565,0.00538524553026929,"DOWN",0.723327305605787
"STAG2",-0.00827513744369041,0.00343461224381197,990,0.00677918821127864,"DOWN",0.725135623869801
"BACE1",-0.00826693868289689,0.000475633320980386,715,0.00150847522526094,"DOWN",0.726943942133816
"CARHSP1",-0.00821737144581988,0.000374955663456809,362,0.00125670449360288,"DOWN",0.72875226039783
"RFC1",-0.00812706815956954,0.0154683145915916,1210,0.0202076391328676,"DOWN",0.730560578661845
"COX14",-0.00810549748068479,0.0111515733131365,1329,0.0160340220224367,"DOWN",0.732368896925859
"PTMS",-0.00807615965745103,0.00733915561189631,570,0.0118794231214879,"DOWN",0.734177215189873
"GNL3",-0.00805941579684336,0.031962936015682,974,0.03275979128524,"DOWN",0.735985533453888
"C7orf55",-0.00796552453164,5.76203117328466e-05,483,0.000282253348238528,"DOWN",0.737793851717902
"MYEF2",-0.0079379233251235,0.0257152537859525,1163,0.0285999913319029,"DOWN",0.739602169981917
"VIMP",-0.00793416706870283,0.0473607222555633,1176,0.0420768365849739,"DOWN",0.741410488245931
"POLR2I",-0.00787740616275084,0.00656012111100589,983,0.0109652136137311,"DOWN",0.743218806509946
"SNHG25",-0.00787123022351646,0.000803059595701868,247,0.00226755276521916,"DOWN",0.74502712477396
"TNRC6B",-0.00786882807382267,0.0213832830258903,1009,0.0251590742323871,"DOWN",0.746835443037975
"DKC1",-0.00771717017701649,0.026548474405203,723,0.0290695121740865,"DOWN",0.748643761301989
"ESF1",-0.00767337958417325,0.00635519731322077,869,0.0107019450958526,"DOWN",0.750452079566004
"A1CF",-0.00764830938201836,0.00390483509917665,271,0.00740148525294473,"DOWN",0.752260397830018
"CELF4",-0.00764750059926211,0.0256219524502992,1066,0.0285444385832943,"DOWN",0.754068716094033
"BOD1L1",-0.00759727823323485,0.0345274559716787,822,0.0343975502033798,"DOWN",0.755877034358047
"ZNF207",-0.00752239935178467,0.000536875007621878,797,0.00165498468199817,"DOWN",0.757685352622061
"SUCLG1",-0.0075118244860283,0.0506261669461775,2388,0.0434889225263763,"DOWN",0.759493670886076
"RBM17",-0.00748351598842187,0.0586569728448136,1035,0.0472144040560168,"DOWN",0.76130198915009
"SARNP",-0.00746596906321123,0.00670101324639849,1093,0.0111460421018672,"DOWN",0.763110307414105
"CHD6",-0.00740982548073857,0.00996000667956596,871,0.0148026036952859,"DOWN",0.764918625678119
"AACS",-0.00740968697011334,0.00521856396735109,596,0.00919082985662473,"DOWN",0.766726943942134
"ERICH5",-0.00740277035629541,0.0408057220434035,942,0.0385327354803701,"DOWN",0.768535262206148
"ASCL2",-0.00738670023653098,0.000227550232487518,369,0.000849753037230718,"DOWN",0.770343580470163
"RPF1",-0.00735061687625888,0.0342427809216737,874,0.0342230981091281,"DOWN",0.772151898734177
"SFSWAP",-0.00723798589079912,0.0470877637901949,898,0.0419535531713179,"DOWN",0.773960216998192
"NIPBL",-0.00722372117922465,0.0437514697718758,1322,0.0401540245343567,"DOWN",0.775768535262206
"SMNDC1",-0.00720173612213756,0.0151547219531067,743,0.0199631589277901,"DOWN",0.777576853526221
"DHX40",-0.0071870516583227,0.0264517382204154,588,0.0290433091959551,"DOWN",0.779385171790235
"BLOC1S1",-0.00718668058282926,0.0132465194690801,512,0.0180793783901562,"DOWN",0.78119349005425
"LYRM7",-0.00716843875575097,0.00566105325104535,671,0.00980598629317754,"DOWN",0.783001808318264
"BRD7",-0.00716100373337173,0.00920892361123602,703,0.014032944908545,"DOWN",0.784810126582278
"RBM28",-0.0071538482148595,0.00614328039033257,471,0.0104029990015527,"DOWN",0.786618444846293
"CFAP65",-0.00710203988835115,0.00592647332116714,149,0.0101405682357407,"DOWN",0.788426763110307
"PFDN2",-0.00707957005120989,0.0452361734946166,1126,0.0410443415764347,"DOWN",0.790235081374322
"HOOK3",-0.00704589115637192,0.0118722669285181,805,0.0168264406836977,"DOWN",0.792043399638336
"NOP56",-0.00695089513016416,0.031735470378247,1443,0.0326095252503642,"DOWN",0.793851717902351
"BRD8",-0.00690451054494907,0.00978870481027537,915,0.0146398680568633,"DOWN",0.795660036166365
"SMIM6",-0.00685954370296248,0.00996922838184611,405,0.0148026036952859,"DOWN",0.79746835443038
"MIA2",-0.00685665109195518,0.0193493169911135,445,0.0236358710442078,"DOWN",0.799276672694394
"PITPNB",-0.00682391078499746,0.0197729721408666,574,0.0239718673236741,"DOWN",0.801084990958409
"ZNF271P",-0.00668242450918232,0.000393950791240893,503,0.00129878231092192,"DOWN",0.802893309222423
"MOCS2",-0.00663060052397959,0.038173360493359,1396,0.0368640769582549,"DOWN",0.804701627486438
"ETFDH",-0.00653439429351409,0.0100320691697793,470,0.014856924403781,"DOWN",0.806509945750452
"ATP6V0A1",-0.00653374969423978,0.0105540889580249,715,0.0154316796875211,"DOWN",0.808318264014466
"PCLO",-0.00651668802193181,0.0304974727662517,1586,0.031735643554795,"DOWN",0.810126582278481
"CHD3",-0.00650362718942809,0.00867200831520684,740,0.0134605875863047,"DOWN",0.811934900542496
"CNTN4",-0.0064763270117544,0.0186275210463043,570,0.0230045300141283,"DOWN",0.81374321880651
"DDX18",-0.00643656447945398,0.00737110240446674,529,0.011923158000637,"DOWN",0.815551537070524
"RFX6",-0.00636552652679058,0.0279644531318872,821,0.029928295307993,"DOWN",0.817359855334539
"WDR70",-0.00634875010412374,0.00904672847403903,326,0.0138819447069992,"DOWN",0.819168173598553
"SPAG16",-0.00631650123035905,0.0217243236229223,1009,0.0254090176830103,"DOWN",0.820976491862568
"SETD3",-0.00631026455696634,0.00163439372048181,558,0.00387745673935542,"DOWN",0.822784810126582
"EHBP1",-0.00629257243508007,0.00861856803993924,517,0.0134120501613394,"DOWN",0.824593128390597
"LMO7",-0.00627025451426219,0.0340765861149168,540,0.034098798133508,"DOWN",0.826401446654611
"SMARCA2",-0.00625160051451119,0.0206092635783456,1108,0.0246036291765321,"DOWN",0.828209764918626
"TTC17",-0.00624015552384282,0.048359149772711,696,0.0425381417534804,"DOWN",0.83001808318264
"TSHZ1",-0.00618172455584681,0.0123124600198835,479,0.0171824934886585,"DOWN",0.831826401446655
"LCORL",-0.00614177579657323,0.032705729266254,786,0.0332146328207757,"DOWN",0.833634719710669
"METTL12",-0.00608627593584226,0.00597545325575968,202,0.0101972970449359,"DOWN",0.835443037974684
"SPDL1",-0.0060839628061928,0.00354320770755181,240,0.00694802499600965,"DOWN",0.837251356238698
"RBMX",-0.0059984435350847,0.0527053124899276,1282,0.0445319616938322,"DOWN",0.839059674502712
"C15orf61",-0.00597493334640629,0.0570696662505062,944,0.0466241284326887,"DOWN",0.840867992766727
"SYNJ2",-0.00593761000828281,0.00488952832727783,376,0.00877743298174085,"DOWN",0.842676311030741
"MEF2A",-0.00591059533456138,0.0305028455679471,744,0.031735643554795,"DOWN",0.844484629294756
"FOXP1",-0.00590837790154157,0.0314221260522809,724,0.0323424849861554,"DOWN",0.84629294755877
"HS6ST3",-0.00590075082209917,0.0155620987016341,344,0.0202571910269266,"DOWN",0.848101265822785
"USP48",-0.00589380699062414,0.0096509473621994,892,0.0145048776576052,"DOWN",0.849909584086799
"PHACTR2",-0.0058891039718968,0.0464708052198768,652,0.0416708699412642,"DOWN",0.851717902350814
"ZC3H8",-0.00586299471450758,0.0117710650320983,332,0.0167474715661035,"DOWN",0.853526220614828
"LEO1",-0.00581240727820452,0.0590331440568032,789,0.0473961553043634,"DOWN",0.855334538878843
"PRPF18",-0.0058078889245338,0.000918328957169485,383,0.002474905055845,"DOWN",0.857142857142857
"CCDC137",-0.0058000683240011,0.020362575881036,277,0.024405451394255,"DOWN",0.858951175406872
"DIAPH2",-0.00579792245294837,0.00153483099334199,291,0.00370198778178255,"DOWN",0.860759493670886
"KDM5A",-0.00576364982549942,0.0121074099141376,745,0.0169943450834484,"DOWN",0.862567811934901
"STMN1",-0.00575485089624925,0.0232434724853301,1066,0.0267074910473552,"DOWN",0.864376130198915
"TACC1",-0.00574534712540204,0.0237972645081183,453,0.0270824193843158,"DOWN",0.86618444846293
"CBX5",-0.00571657179818357,0.0188693061248884,1012,0.0232135744229869,"DOWN",0.867992766726944
"IGF1R",-0.00568211525351252,0.00559850943362331,446,0.00971851900816469,"DOWN",0.869801084990958
"GALNT1",-0.0056212239316316,0.0133657267869942,296,0.01819761442745,"DOWN",0.871609403254973
"PHF3",-0.00561275146376809,0.0634713694200526,1394,0.0492597502358912,"DOWN",0.873417721518987
"ANKRD17",-0.00561219096145762,0.0164124019390699,686,0.0210258191490966,"DOWN",0.875226039783002
"MPC1",-0.0054720032753039,0.0312181700138783,900,0.0322285140392689,"DOWN",0.877034358047016
"KIAA0368",-0.00545196880731511,0.0401067209208099,755,0.0380748120678479,"DOWN",0.878842676311031
"ASPHD1",-0.00542715355039516,0.0301190803202994,406,0.031483366070867,"DOWN",0.880650994575045
"ADAR",-0.00541027251828405,0.026164291319013,720,0.0288972853393558,"DOWN",0.88245931283906
"MITD1",-0.0053987020337364,0.0232658893302926,437,0.0267205608913358,"DOWN",0.884267631103074
"CTNNAL1",-0.00536227389626836,0.0224167990667299,264,0.026067054903034,"DOWN",0.886075949367089
"WNK1",-0.00529755303473806,0.0105944812098187,593,0.015481384978186,"DOWN",0.887884267631103
"MICU1",-0.0052645002656444,0.0430797805923208,516,0.0397889647205508,"DOWN",0.889692585895118
"ZNF827",-0.0052085646028949,0.0266855600880039,296,0.0291274783276211,"DOWN",0.891500904159132
"FADS2",-0.00518065826924773,0.0598776309443457,492,0.0477633004857092,"DOWN",0.893309222423146
"WDR43",-0.00515065699039849,0.0313464011221158,605,0.0322920129355358,"DOWN",0.895117540687161
"PIK3C2A",-0.00512290956141645,0.00980853790205169,471,0.0146462515239446,"DOWN",0.896925858951175
"SLC25A29",-0.00507512357280182,0.00613565043692036,334,0.0103973544435235,"DOWN",0.89873417721519
"GOLGA8B",-0.00506361648039869,0.00330001050514713,395,0.00655629493300827,"DOWN",0.900542495479204
"HMOX2",-0.00503672916673117,0.00298909533312794,451,0.00607831569875658,"DOWN",0.902350813743219
"ZNHIT6",-0.00501627824720648,0.041216739299718,375,0.0387485572323323,"DOWN",0.904159132007233
"LTV1",-0.00499263924776648,0.0243739699873797,416,0.0275615061380196,"DOWN",0.905967450271248
"ITGB3BP",-0.00498968640432742,0.0455134179304226,371,0.0412340516752731,"DOWN",0.907775768535262
"HYOU1",-0.00498944933151847,0.0551436114999188,479,0.0455737306511829,"DOWN",0.909584086799277
"SMARCB1",-0.00498903004693566,0.0280534295162601,496,0.0299582543319197,"DOWN",0.911392405063291
"TBC1D4",-0.00498597222134192,0.0156019889765784,303,0.0202981973364556,"DOWN",0.913200723327306
"KIF12",-0.00491263996801186,0.0135577368659833,241,0.0183900452774031,"DOWN",0.91500904159132
"SNRPG",-0.00489151973747927,0.011851413444676,567,0.0168203959014167,"DOWN",0.916817359855335
"APCDD1L",-0.00489002091797192,0.0241864279721506,253,0.0274006542593686,"DOWN",0.918625678119349
"RAB9B",-0.00485970948026467,0.0259166777942581,436,0.0287418706823229,"DOWN",0.920433996383363
"INSM1",-0.00482210759700282,0.0289423002395882,640,0.0306504805471448,"DOWN",0.922242314647378
"SNRNP48",-0.00481852678003683,0.0163981014026234,399,0.0210258191490966,"DOWN",0.924050632911392
"DDX3Y",-0.00480880169499485,0.00753692672752159,499,0.0121184825293434,"DOWN",0.925858951175407
"KIAA0355",-0.00479130387250297,0.0200627922743459,295,0.0241778743329867,"DOWN",0.927667269439421
"CFAP97",-0.00477202218612515,0.0404485577838288,720,0.0382941681168572,"DOWN",0.929475587703436
"C2orf49",-0.00476160387100875,0.0646481759967511,405,0.049789818509214,"DOWN",0.93128390596745
"NUDCD3",-0.00475260049429888,0.045324019915022,187,0.0410932315940754,"DOWN",0.933092224231465
"ATP5EP2",-0.00470196787259208,0.0427241500222373,225,0.0395951400562488,"DOWN",0.934900542495479
"DCUN1D4",-0.00466388375913269,0.0265994387765704,407,0.0290858330805373,"DOWN",0.936708860759494
"SLC16A9",-0.004660757664366,0.0595817328978994,706,0.0476311598656445,"DOWN",0.938517179023508
"LAMB1",-0.00462718605570512,0.0297931376783086,110,0.0312770665767507,"DOWN",0.940325497287523
"COA6",-0.00462584811928353,0.054161933927642,567,0.0452101965933059,"DOWN",0.942133815551537
"RPAP3",-0.00459456879079131,0.0159327843916069,298,0.0205737065210654,"DOWN",0.943942133815552
"MYCBP2",-0.00452972934561924,0.0412977611842467,796,0.0387945838614126,"DOWN",0.945750452079566
"CPLX2",-0.00448104483054692,0.014964573963953,621,0.0197772753784445,"DOWN",0.94755877034358
"SEMA5A",-0.00442048060293738,0.0119851240755754,310,0.0169009913453524,"DOWN",0.949367088607595
"UBAP1",-0.00439385205620884,0.037604445956449,259,0.0364719591096843,"DOWN",0.951175406871609
"LSM8",-0.00434542621391646,0.0512635801481351,626,0.0438341859374957,"DOWN",0.952983725135624
"C11orf54",-0.00429723893370894,0.0525077252843732,532,0.0444115360670864,"DOWN",0.954792043399638
"IL6R",-0.00425829291986545,0.0591699198203327,607,0.0474430054487383,"DOWN",0.956600361663653
"RASGRP1",-0.00420778449428829,0.0193423727808132,175,0.0236358710442078,"DOWN",0.958408679927667
"GOLT1A",-0.00419546740012436,0.0164735877124161,341,0.0210696590741685,"DOWN",0.960216998191682
"ZBTB4",-0.00417400504835101,0.0499171623893355,373,0.0432019321072466,"DOWN",0.962025316455696
"KCNK3",-0.00412754781778764,0.0292332686452911,481,0.0308506110737714,"DOWN",0.963833634719711
"RAP1GAP2",-0.00409128715777842,0.0241137170918646,623,0.0273310760015698,"DOWN",0.965641952983725
"AP2B1",-0.00405761781135919,0.0595806170477558,400,0.0476311598656445,"DOWN",0.96745027124774
"EPB41L2",-0.00405356309513421,0.0480337275173836,275,0.0423610537402117,"DOWN",0.969258589511754
"LOC100505938",-0.00403071102113681,0.0433715304814541,261,0.0399973634874887,"DOWN",0.971066907775769
"SEPT3",-0.00402258946912358,0.0589151982971099,193,0.0473328684346675,"DOWN",0.972875226039783
"RAB12",-0.00398420782307558,0.034150000471703,258,0.0341480411332006,"DOWN",0.974683544303797
"PPWD1",-0.00391386962089564,0.0256324892629196,369,0.0285444385832943,"DOWN",0.976491862567812
"UPF2",-0.00382508462160179,0.0313654776851536,448,0.0322979153274111,"DOWN",0.978300180831826
"STAG3L5P-PVRIG2P-PILRB",-0.00378041173183682,0.0600923609937226,180,0.04784967752761,"DOWN",0.980108499095841
"LOC283683",-0.00377545843264912,0.0650764731857427,176,0.0499606692531267,"DOWN",0.981916817359855
"AIFM1",-0.00376398567607649,0.0585791977420283,424,0.0472144040560168,"DOWN",0.98372513562387
"RPS10",-0.00372268221771889,0.0540157052893788,282,0.045166035564165,"DOWN",0.985533453887884
"MAPRE3",-0.00368550967081122,0.0521074728047244,568,0.0441810964473498,"DOWN",0.987341772151899
"CMC1",-0.00366041795480114,0.0438792833952174,535,0.0401899217800508,"DOWN",0.989150090415913
"PMS1",-0.00361897694007813,0.0649698549329733,362,0.0499380082695695,"DOWN",0.990958408679928
"FOXO1",-0.00350060156695125,0.0612916128153842,290,0.0483272523596174,"DOWN",0.992766726943942
"UCHL3",-0.0032754116794868,0.0460585734465139,704,0.0414794762489026,"DOWN",0.994575045207957
"MYH9",-0.00324003646581538,0.0258412181216637,236,0.028684477017634,"DOWN",0.996383363471971
"CCNK",-0.00304571760686051,0.0386804494902495,408,0.0371728821014354,"DOWN",0.998191681735985
"MRPL30",-0.00286174860417535,0.0606631256577535,289,0.0480669093794478,"DOWN",1
